[
    {
        "name": "First Steps",
        "description": "Add your first issue.",
        "color": "Light Blue",
        "criterion": "issues",
        "value": 1,
        "image": "figure.walk"
    },
    {
        "name": "A Great Start",
        "description": "Add 10 issues.",
        "color": "Light Blue",
        "criterion": "issues",
        "value": 10,
        "image": "hand.thumbsup.fill"
    },
    {
        "name": "Moving On Up",
        "description": "Add 20 issues.",
        "color": "Light Blue",
        "criterion": "issues",
        "value": 20,
        "image": "tray.and.arrow.up.fill"
    },
    {
        "name": "Gathering Speed",
        "description": "Add 50 issues.",
        "color": "Light Blue",
        "criterion": "issues",
        "value": 50,
        "image": "speedometer"
    },
    {
        "name": "Making Waves",
        "description": "Add 100 issues.",
        "color": "Light Blue",
        "criterion": "issues",
        "value": 100,
        "image": "dot.radiowaves.left.and.right"
    },
    {
        "name": "High Performer",
        "description": "Add 250 issues.",
        "color": "Light Blue",
        "criterion": "issues",
        "value": 250,
        "image": "square.stack.3d.up.fill"
    },
    {
        "name": "Star Performer",
        "description": "Add 500 issues.",
        "color": "Light Blue",
        "criterion": "issues",
        "value": 500,
        "image": "star.circle.fill"
    },
    {
        "name": "Champion Performer",
        "description": "Add 1000 issues.",
        "color": "Light Blue",
        "criterion": "issues",
        "value": 1000,
        "image": "crown.fill"
    },
    {
        "name": "Checking Boxes",
        "description": "Close your first issue.",
        "color": "Green",
        "criterion": "closed",
        "value": 1,
        "image": "checkmark.shield.fill"
    },
    {
        "name": "Rocking it",
        "description": "Close 10 issues.",
        "color": "Green",
        "criterion": "closed",
        "value": 10,
        "image": "guitars.fill"
    },
    {
        "name": "20 is Plenty",
        "description": "Close 20 issues.",
        "color": "Green",
        "criterion": "closed",
        "value": 20,
        "image": "20.square.fill"
    },
    {
        "name": "Bullseye!",
        "description": "Close 50 issues.",
        "color": "Green",
        "criterion": "closed",
        "value": 50,
        "image": "target"
    },
    {
        "name": "Flying High",
        "description": "Close 100 issues.",
        "color": "Green",
        "criterion": "closed",
        "value": 100,
        "image": "airplane.circle.fill"
    },
    {
        "name": "You're On Fire!",
        "description": "Close 250 issues.",
        "color": "Green",
        "criterion": "closed",
        "value": 250,
        "image": "flame.fill"
    },
    {
        "name": "Box Ticker in Chief",
        "description": "Close 500 issues.",
        "color": "Green",
        "criterion": "closed",
        "value": 500,
        "image": "text.badge.checkmark"
    },
    {
        "name": "Boom!",
        "description": "Close 1000 issues.",
        "color": "Green",
        "criterion": "closed",
        "value": 1000,
        "image": "bolt.circle.fill"
    },
    {
        "name": "Playing tag",
        "description": "You created your first tag.",
        "color": "Gold",
        "criterion": "tags",
        "value": 1,
        "image": "tag.fill"
    },
    {
        "name": "Tag wrestling",
        "description": "You've created 10 tags.",
        "color": "Gold",
        "criterion": "tags",
        "value": 10,
        "image": "tag.circle.fill"
    },
    {
        "name": "Supreme tagger",
        "description": "You've created 50 tags.",
        "color": "Gold",
        "criterion": "tags",
        "value": 50,
        "image": "square.grid.3x1.folder.fill.badge.plus"
    },
    {
        "name": "Supporter",
        "description": "You bought the premium unlock.",
        "color": "Purple",
        "criterion": "unlock",
        "value": 0,
        "image": "dollarsign.square.fill"
    }
]
